url,title,price_usd,price_kgs,year,mileage_km,engine,transmission,city,image_url
https://mashina.kg/details/bmw-x5-69fffea832901420399530,BMW X5 III (F15),35500,3104475,2017,200000,3.0 л.,автомат,Бишкек,https://im.mashina.kg/tachka/images/9/7/3/973720a8c8fd36da710d31fa8a76d5da_640x480.jpg
https://mashina.kg/details/kia-stinger-69c889deab0e2849411617,Kia Stinger I,18700,1635315,2018,104000,3.3 л.,автомат,Бишкек,https://im.mashina.kg/tachka/images/1/8/0/180e6a9c4c83da8e13ebce6b2c3d5881_640x480.jpg
https://mashina.kg/details/lexus-nx-6a07592bb8055db3c294107a,Продажа Lexus NX II 2023,35800,3130710,2023,28000,2.5 л.,автомат,Бишкек,https://storage.mashina.kg/catalog/images/2026-05-15/10034319/dce064feaa800e284682c8d218253e5f_medium.webp
https://mashina.kg/details/cadillac-escalade-6a0984aafc6db3fe8d13bfb5,Продажа Cadillac Escalade IV 2020,55000,4809750,2020,121000,6.2 л.,автомат,Бишкек,https://storage.mashina.kg/catalog/images/2026-05-17/10035756/74221442f66fb96f0cd872425f619157_medium.webp
https://mashina.kg/details/toyota-camry-6a096b16163f86ccc0153d34,Продажа Toyota Camry IX (XV80) 2025,55000,4809750,2025,8500,2.5 л.,вариатор,Бишкек,https://storage.mashina.kg/catalog/images/2026-05-17/10035606/bf6afc2c959ad09c54b0685f76006dcf_medium.webp
https://mashina.kg/details/hyundai-tucson-692bfc419135c358379586,Hyundai Tucson I,10300,900735,2006,44000,2.0 л.,механика,Бишкек,https://im.mashina.kg/tachka/images/1/3/9/139fa15ec645234d0b32834cf119d699_640x480.jpg
https://mashina.kg/details/lexus-es-69c581f12351b444472731,Lexus ES VII,23999,2098713,2021,90000,2.5 л.,вариатор,Бишкек,https://im.mashina.kg/tachka/images/c/2/0/c20b125c79bbf7519162f7a70bac0b16_640x480.jpg
https://mashina.kg/details/genesis-gv80-6a06f46f7a8aaefc93c9efc4,Продажа Genesis GV80 I Рестайлинг 2023,40000,3498000,2023,22000,2.5 л.,автомат,Бишкек,https://storage.mashina.kg/catalog/images/2026-05-15/10033904/088fe3bb6b264658cc1a56cf672cc2d2_medium.webp
https://mashina.kg/details/bmw-x7-6a072bf5c705aa5c9a9c81cb,Продажа BMW X7 I (G07) 2020,35700,3121965,2020,220000,3.0 л.,автомат,Бишкек,https://storage.mashina.kg/catalog/images/2026-05-15/10034143/63c34e3f2dc03ea6a903d1e4f960ce0b_medium.webp
https://mashina.kg/details/bmw-7-serii-6a06f2b687e0305c4e93c928,Продажа BMW 7 серии VII (G70) 2024,98000,8570100,2024,41000,3.0 л.,-1,Бишкек,https://storage.mashina.kg/catalog/images/2026-05-15/10033887/d5f4c173b9bb30911f57a37dc1bea284_medium.webp
https://mashina.kg/details/bmw-x3-6a043ea898376f21caa60c54,Продажа BMW X3 III (G01) 2019,33000,2885850,2019,138000,2.0 л.,автомат,Бишкек,https://storage.mashina.kg/catalog/images/2026-05-13/10031161/4f441e7f699f1faf7372d05ebeb33244_medium.webp
https://mashina.kg/details/lexus-ux-6a05d486e3681022f86a3948,Продажа Lexus UX I 2021,23000,2011350,2021,135000,2.0 л.,вариатор,Ош,https://storage.mashina.kg/catalog/images/2026-05-15/10032833/0caad1a8ce46b4bf94cefd5997d6cc73_medium.webp
https://mashina.kg/details/toyota-mark-ii-69dfc487a24b8633530932,Toyota Mark II IX (X110),5500,480975,2003,290000,2.0 л.,автомат,Бишкек,https://im.mashina.kg/tachka/images/d/5/e/d5e6bf7ede633763180d238c968460d1_640x480.jpg
https://mashina.kg/details/mercedesbenz-eklass-69fb2ee9a2cf4125956165,"Mercedes-Benz E-Класс II (W210, S210) Рестайлинг",8300,725835,2000,260000,3.2 л.,автомат,с. Ивановка,https://im.mashina.kg/tachka/images/9/e/b/9eb87b0cdbee8bcee1a94beaf184ba16_640x480.jpg
https://mashina.kg/details/bmw-x5-69f4883cdb29c500319199,BMW X5 IV (G05/G18),51000,4459950,,,3.0 л.,-1,Бишкек,https://im.mashina.kg/tachka/images/c/0/b/c0ba3e849afa5dfc04a6481399140ba0_640x480.jpg
https://mashina.kg/details/lexus-rx-6a00de337a930942673338,Lexus RX V,59000,5159550,2023,113000,2.5 л.,вариатор,Бишкек,https://im.mashina.kg/tachka/images/c/b/2/cb2b1f880b54eaac40513927d8eb0458_640x480.jpg
https://mashina.kg/details/lexus-es-69c925749de72314480122,Lexus ES VI Рестайлинг,27500,2404875,2017,100000,2.5 л.,вариатор,Бишкек,https://im.mashina.kg/tachka/images/4/6/c/46c04d7192f865fea7c6b36889331e92_640x480.jpg
https://mashina.kg/details/toyota-rav4-6a016a85db1ab764478529,Toyota RAV4 V (XA50),33300,2912085,2026,13,2.0 л.,вариатор,Бишкек,https://im.mashina.kg/tachka/images/3/6/b/36b7beb1e79f19f0c831b45f09ce6621_640x480.jpg
https://mashina.kg/details/neta-u-6a096aa8729e7e4b0571caeb,Продажа Neta U 2022,13722,1200000,2022,109000,,,Бишкек,https://storage.mashina.kg/catalog/images/2026-05-17/10035604/375e8c8fbbf447c4ae4274ffc781876e_medium.webp
https://mashina.kg/details/bmw-x7-6a0833421a9bfa2d953a8b09,Продажа BMW X7 I (G07) 2020,51900,4538655,2020,140000,3.0 л.,автомат,Бишкек,https://storage.mashina.kg/catalog/images/2026-05-16/10034792/ddd6e89387172a6bbd378ae72ccc0752_medium.webp
https://mashina.kg/details/toyota-camry-69ff7ca22c30a296786945,Toyota Camry VIII (XV70) Рестайлинг,20000,1749000,2021,154500,2.5 л.,автомат,Бишкек,https://im.mashina.kg/tachka/images/5/c/4/5c428779f2e404b59be8aa3690a4bded_640x480.jpg
https://mashina.kg/details/toyota-highlander-6a084b56b21b7c5cfe717c87,Продажа Toyota Highlander III (U50) Рестайлинг 2019,22500,1967625,2019,153000,3.5 л.,автомат,Бишкек,https://storage.mashina.kg/catalog/images/2026-05-16/10034890/5df362e148b0c56cdc82a066622ccdbe_medium.webp
https://mashina.kg/details/chevrolet-malibu-69f1c8e756394618264082,Chevrolet Malibu IX,10000,874500,2018,155000,1.5 л.,автомат,Бишкек,https://im.mashina.kg/tachka/images/9/c/0/9c037a5337d6cdbf1c98ef01d4d2868b_640x480.jpg
https://mashina.kg/details/bmw-7-serii-69d3b6186eb7e527217549,BMW 7 серии VI (G11/G12) Рестайлинг,44500,3891525,2020,55000,4.4 л.,автомат,Бишкек,https://im.mashina.kg/tachka/images/a/f/8/af8f3bbb351bea72d98ec0457db8645d_640x480.jpg
https://mashina.kg/details/lexus-gx-6a03f8d3fbdd8588bfd7093a,Продажа Lexus GX I 2005,19500,1705275,2005,250000,4.7 л.,автомат,Бишкек,https://storage.mashina.kg/catalog/images/2026-05-13/10030777/cc51e8a62c09828227fbe55c52216f34_medium.webp
https://mashina.kg/details/toyota-land-cruiser-prado-69c8aed5adec7173780716,Toyota Land Cruiser Prado 120 Series,21500,1880175,2008,267000,4.0 л.,автомат,Бишкек,https://im.mashina.kg/tachka/images/e/a/3/ea334994cc48f2166f09ce5ea7b85b04_640x480.jpg
https://mashina.kg/details/hyundai-santa-fe-69fe00dca1879017988312,Hyundai Santa Fe IV,17200,1504140,2020,156000,2.0 л.,автомат,Бишкек,https://im.mashina.kg/tachka/images/1/e/0/1e0b6866bc89c474dbccc9de36809fa1_640x480.jpg
https://mashina.kg/details/kia-k7-69fdfe7116d4b224478435,Kia K7 YG (II) Рестайлинг,17500,1530375,2020,98000,2.4 л.,автомат,Бишкек,https://im.mashina.kg/tachka/images/b/b/8/bb8ea0a2aa5989c8835e0d4c24e8e2b5_640x480.jpg
https://mashina.kg/details/lexus-lx-6a098c4a5870e01df244d3af,Продажа Lexus LX III Рестайлинг 2012,40500,3541725,2012,280000,5.7 л.,автомат,Бишкек,https://storage.mashina.kg/catalog/images/2026-05-17/10035808/2ea54aa78114e6b271a654703759703d_medium.webp
https://mashina.kg/details/honda-crv-69b8d82e112b8201884089,Honda CR-V III,11000,961950,2009,255000,2.4 л.,автомат,Кочкор-Ата,https://im.mashina.kg/tachka/images/a/d/4/ad497b07034b559edf29d1e1a0e5e731_640x480.jpg
https://mashina.kg/details/toyota-camry-6a0984b557efe459819c345a,Продажа Toyota Camry VIII (XV70) 2018,16900,1477905,2018,116000,2.5 л.,автомат,Бишкек,https://storage.mashina.kg/catalog/images/2026-05-17/10035757/324e57763f29a7329136c2c5f1a71a00_medium.webp
https://mashina.kg/details/kia-k5-6a0402ec602cb756d53bfeb4,Продажа Kia K5 II 2018,12500,1093125,2018,94000,2.0 л.,автомат,Бишкек,https://storage.mashina.kg/catalog/images/2026-05-14/10030832/51fd0aaba959879d5ff3fdf0edb4c932_medium.webp
https://mashina.kg/details/subaru-outback-6a097a90e2ebbef6255d8d96,Продажа Subaru Outback VI 2022,20600,1801470,2022,149800,2.5 л.,вариатор,Бишкек,/static/svg/empty.svg
https://mashina.kg/details/hyundai-grandeur-6a033f23be4d064379920dbf,Продажа Hyundai Grandeur VI Рестайлинг 2022,14500,1268025,2022,267000,3.0 л.,автомат,Бишкек,https://storage.mashina.kg/catalog/images/2026-05-12/10030326/48e1e3e5e93cc2e1ad5ac6048a4f74bb_medium.webp
https://mashina.kg/details/lixiang-l6-6a096c16578d45fd1d8c6b91,Продажа LiXiang L6 2025,32300,2824635,2025,10000,1.5 л.,автомат,Бишкек,https://storage.mashina.kg/catalog/images/2026-05-17/10035613/da45407957c0d12c3ca56065e0c8bea6_medium.webp
https://mashina.kg/details/hyundai-avante-6a0966a5cf9c4e0d8b7562d4,Продажа Hyundai Avante VII Рестайлинг 2025,12400,1084380,2025,446,1.6 л.,вариатор,Ош,https://storage.mashina.kg/catalog/images/2026-05-17/10035584/bf75c1bb4a8fa2362fef5893a23bdc8d_medium.webp
https://mashina.kg/details/hyundai-avante-6a09659139e275cecba7fb77,Продажа Hyundai Avante VII Рестайлинг 2025,12200,1066890,2025,436,1.6 л.,вариатор,Ош,https://storage.mashina.kg/catalog/images/2026-05-17/10035579/183f27c32d8f963af3f93e7ffbc3c451_medium.webp
https://mashina.kg/details/hyundai-grandeur-6a095db11de52abed3a955dd,Продажа Hyundai Grandeur VI 2019,11700,1023165,2019,125000,2.4 л.,автомат,Бишкек,https://storage.mashina.kg/catalog/images/2026-05-17/10035550/04740c2fc3d82c2529c8a5a4a5d36438_medium.webp
https://mashina.kg/details/hyundai-sonata-6a0956e830a1a49fcf915f44,Продажа Hyundai Sonata VIII (DN8) 2021,12800,1119360,2021,27000,2.5 л.,автомат,Бишкек,https://storage.mashina.kg/catalog/images/2026-05-17/10035521/2c423e0589ba286b7a27e07fbdd43f39_medium.webp
https://mashina.kg/details/changan-qiyuan-q05-6a094a513aa27447d8fb4f95,Продажа Changan Qiyuan Q05 II 2026,14400,1259280,2026,50,,,Бишкек,/static/svg/empty.svg
https://mashina.kg/details/kia-k3-69ef87bb8dcd9974829045,Kia K3 II,12300,1075635,2019,123000,1.6 л.,робот,Бишкек,https://storage.mashina.kg/catalog/images/2026-05-13/4544928/b1e0d685817e3023f45cf4131869e272_medium.webp
https://mashina.kg/details/kia-k5-6a092def0900bff16ec439a6,Продажа Kia K5 III 2021,15800,1381710,2021,153000,2.0 л.,автомат,Бишкек,https://storage.mashina.kg/catalog/images/2026-05-17/10035410/9aaf37903326e54e95f240151c9592ec_medium.webp
https://mashina.kg/details/lexus-gx-6a090cd31a96ed75d9b43227,Продажа Lexus GX II Рестайлинг 2 2020,49000,4285050,2020,136000,4.6 л.,автомат,Бишкек,https://storage.mashina.kg/catalog/images/2026-05-17/10035380/61232a06d9fec2a1b6b0f85113444ff8_medium.webp
https://mashina.kg/details/toyota-highlander-6918537389811830208886,Toyota Highlander III (U50) Рестайлинг,26500,2317425,2019,84000,3.5 л.,автомат,Бишкек,https://im.mashina.kg/tachka/images/c/9/c/c9c2988d07a3702b0ef4ea71dcb13d3a_640x480.jpg
https://mashina.kg/details/bmw-ix1-69e9c769e8c9a581664158,BMW iX1,27500,2404875,2025,118,,,Бишкек,https://im.mashina.kg/tachka/images/d/a/f/dafda473b5f7b6e95db6a6725f7f8ccd_640x480.jpg
https://mashina.kg/details/toyota-camry-6a08ab4839862bb98d6981d5,Продажа Toyota Camry VII (XV50) Рестайлинг 2 2017,18199,1591503,2017,183000,2.5 л.,автомат,Бишкек,https://storage.mashina.kg/catalog/images/2026-05-16/10035295/075eec91a7f60ec3a0f81384fd7c290b_medium.webp
https://mashina.kg/details/subaru-forester-6a01d9c8d6f81299639251,Subaru Forester V,15500,1355475,2020,125528,2.5 л.,вариатор,Бишкек,https://im.mashina.kg/tachka/images/d/7/5/d75ad110c3db0a2333b8a7168ff17064_640x480.jpg
https://mashina.kg/details/toyota-avalon-69f1d0fca5d42420690798,Toyota Avalon V,24500,2142525,2019,86500,2.5 л.,вариатор,Бишкек,https://im.mashina.kg/tachka/images/a/d/4/ad441e7555a179c1bdcedbdad67747de_640x480.jpg
https://mashina.kg/details/toyota-kluger-6a087fa44fe87ef43f622316,Продажа Toyota Kluger I (XU20) Рестайлинг 2003,11500,1005675,2003,162000,3.0 л.,автомат,Бишкек,https://storage.mashina.kg/catalog/images/2026-05-16/10035131/874eac8df4bce8101a7c8e2e099622f2_medium.webp
https://mashina.kg/details/bmw-x5-6a0877cc93be0beb8b04452c,Продажа BMW X5 III (F15) 2018,24700,2160015,2018,180000,3.0 л.,автомат,Бишкек,https://storage.mashina.kg/catalog/images/2026-05-16/10035092/cab779a4f8388ccf5352eb108d26ce93_medium.webp
https://mashina.kg/details/tesla-model-y-6a081f6067f26ff1c8c9ccc0,Продажа Tesla Model Y I 2025,29000,2536050,2025,7500,,,Ош,https://storage.mashina.kg/catalog/images/2026-05-16/10034698/068f36bb2d13a9e40ba0fe4357091c5e_medium.webp
https://mashina.kg/details/lixiang-l7-6a07b584142678c098e10776,Продажа LiXiang L7 Рестайлинг 2025,43500,3804075,2025,2500,1.5 л.,автомат,Бишкек,https://storage.mashina.kg/catalog/images/2026-05-16/10034413/60b4a5eabf67eea84b60b7ec5de6f605_medium.webp
https://mashina.kg/details/mercedesbenz-sklass-69bd3a7c91e4d529475002,Mercedes-Benz S-Класс V (W221) Рестайлинг,13500,1180575,2011,176902,5.5 л.,автомат,Бишкек,https://im.mashina.kg/tachka/images/d/4/8/d48ee309091fa8d88a879b499b6ec838_640x480.jpg
https://mashina.kg/details/kia-morning-69f82f75e6014173286509,Kia Morning III,6800,594660,2017,110534,1.0 л.,автомат,Бишкек,https://im.mashina.kg/tachka/images/0/2/3/023c35421e9718820c0d9c6ab608a90d_640x480.jpg
https://mashina.kg/details/nissan-patrol-6a070fe3017a2e817b407a62,Продажа Nissan Patrol V (Y61) 2003,22900,2002605,2003,240000,3.0 л.,автомат,Бишкек,https://storage.mashina.kg/catalog/images/2026-05-15/10034032/2eff7b5c762341865b53779ee672f9bf_medium.webp
https://mashina.kg/details/toyota-highlander-6a070e548ebd65c328a24d1e,Продажа Toyota Highlander III (U50) Рестайлинг 2019,25500,2229975,2019,100000,3.5 л.,автомат,Бишкек,https://storage.mashina.kg/catalog/images/2026-05-15/10034028/d47c145a27d008ad35a43f86696d6345_medium.webp
https://mashina.kg/details/ssangyong-rexton-6a070c304bb6205171061b95,Продажа SsangYong Rexton IV 2019,19000,1661550,2019,109600,2.2 л.,автомат,Бишкек,https://storage.mashina.kg/catalog/images/2026-05-15/10034015/7fce97e395fd21d436b78e4c9a05af0d_medium.webp
https://mashina.kg/details/bmw-x7-6a06d58637dc404a83673de9,Продажа BMW X7 I (G07) Рестайлинг 2022,108000,9444600,2022,60000,4.4 л.,автомат,Бишкек,https://storage.mashina.kg/catalog/images/2026-05-15/10033680/e3f11a3b827064df5b856ab6679c4925_medium.webp
https://mashina.kg/details/lexus-lx-6a05e8741f896f7d9fc344a2,Продажа Lexus LX IV 2026,190000,16615500,2026,15,3.5 л.,автомат,Бишкек,https://storage.mashina.kg/catalog/images/2026-05-14/10032952/298facde032f7224812895855cd7b937_medium.webp
https://mashina.kg/details/chevrolet-tahoe-69fcc308f21f5754632409,Chevrolet Tahoe V,62500,5465625,2022,15000,6.2 л.,автомат,Бишкек,https://im.mashina.kg/tachka/images/1/b/1/1b11263d05cbe8f1fb132c766be7f824_640x480.jpg
https://mashina.kg/details/toyota-land-cruiser-prado-6a0469aad78ee458712e59cb,Продажа Toyota Land Cruiser Prado 120 Series 2008,25000,2186250,2008,300000,4.0 л.,автомат,Бишкек,https://storage.mashina.kg/catalog/images/2026-05-13/10031416/a6807d8e1f0d7ce46cd7587355d81352_medium.webp
https://mashina.kg/details/lexus-ls-69fdce7f6c748714602822,Lexus LS III Рестайлинг,10800,944460,2004,293000,4.3 л.,автомат,Бишкек,https://im.mashina.kg/tachka/images/b/d/7/bd7afce9222b410cdf1483a2f43ffb24_640x480.jpg
https://mashina.kg/details/bmw-5-serii-6a042201046ab73b2520bb6d,Продажа BMW 5 серии VII (G30/G31) Рестайлинг 2021,33500,2929575,2021,82000,2.0 л.,автомат,Бишкек,https://storage.mashina.kg/catalog/images/2026-05-13/10031002/d6feb5deaf1b8dfa56f0f4a86594e5d4_medium.webp
https://mashina.kg/details/mercedes-benz-s-klass-amg-68b59a75b3ccc943949527,Mercedes-Benz S-Класс AMG I (W220) Рестайлинг,25555,2234785,2004,211000,5.4 л.,автомат,Бишкек,https://im.mashina.kg/tachka/images/b/e/0/be0912a7f97f4fd666b012d07537f5df_640x480.jpg
https://mashina.kg/details/bmw-x5-69ff818b46284395829389,BMW X5 IV (G05/G18) Рестайлинг,104000,9094800,2023,49000,4.4 л.,автомат,Бишкек,https://im.mashina.kg/tachka/images/d/b/2/db2d5781f8c0e860bf0740f636055693_640x480.jpg
https://mashina.kg/details/toyota-tundra-6988701fe1600246963764,Toyota Tundra II Рестайлинг,45000,3935250,2018,177000,5.7 л.,автомат,Бишкек,https://im.mashina.kg/tachka/images/2/1/9/2194bbfb24bb1208a54ea4e9b9ea9086_640x480.jpg
https://mashina.kg/details/bmw-x5-69fb7429d1100731002254,BMW X5 IV (G05/G18),63500,5553075,2020,72000,4.4 л.,автомат,Бишкек,https://im.mashina.kg/tachka/images/d/b/4/db4f6b40751874e9cfe37acc5a4e2bda_640x480.jpg
https://mashina.kg/details/bmw-5-serii-69fcad4449b00250084707,BMW 5 серии VII (G30/G31) Рестайлинг,37000,3235650,2021,50000,2.0 л.,автомат,Бишкек,https://im.mashina.kg/tachka/images/1/1/f/11fe3c554a997f09dfa13bdcd7c8b33f_640x480.jpg
https://mashina.kg/details/bmw-x7-69e21501682b3374043910,BMW X7 I (G07),83000,7258350,2022,18300,4.4 л.,автомат,Бишкек,https://im.mashina.kg/tachka/images/1/1/7/117a8e96c0f30db11c2c24f5d7ad7d68_640x480.jpg
https://mashina.kg/details/kia-sorento-69fb3b79a76a7008091676,Kia Sorento III Prime Рестайлинг,18500,1617825,2019,195000,2.2 л.,автомат,Бишкек,https://im.mashina.kg/tachka/images/f/8/9/f89f1aa4d0985b491d4826fdf1f1b38b_640x480.jpg
https://mashina.kg/details/bmw-x7-6a0046708e18a617555898,BMW X7 I (G07),51800,4529910,2020,104000,4.4 л.,автомат,Бишкек,https://im.mashina.kg/tachka/images/4/0/3/4034ffe65806b60b2084c8b9fadd889b_640x480.jpg
https://mashina.kg/details/volvo-xc90-69f880c806d4a365184276,Volvo XC90 II,27000,2361150,2018,230000,2.0 л.,автомат,Бишкек,https://im.mashina.kg/tachka/images/9/8/b/98b944489f46410815b0c785d2fa4a23_640x480.jpg
https://mashina.kg/details/geely-tugella-690b134d9483c056158891,Geely Tugella I Рестайлинг,19000,1661550,2022,28936,2.0 л.,автомат,Бишкек,https://im.mashina.kg/tachka/images/3/5/0/35019eac1d8d18fb76d55e57067f99d5_640x480.jpg
https://mashina.kg/details/kia-k3-69e7b4f09f431130615924,Kia K3 II,13700,1198065,2019,112500,1.6 л.,вариатор,Бишкек,https://im.mashina.kg/tachka/images/3/2/2/322492a0f0dd4dec0106ad1c05c55405_640x480.jpg
https://mashina.kg/details/toyota-4runner-69ff397c00831026255120,Toyota 4Runner V Рестайлинг,30500,2667225,2019,140012,4.0 л.,автомат,Бишкек,https://im.mashina.kg/tachka/images/e/e/6/ee6fa0c3f91174e1321b1fd45e0f8e8d_640x480.jpg
https://mashina.kg/details/mercedesbenz-cla-6a0045e27509d957930771,"Mercedes-Benz CLA II (C118, X118) Рестайлинг",40000,3498000,2024,33000,2.0 л.,робот,Бишкек,https://im.mashina.kg/tachka/images/e/e/b/eebeae2c6ee607dd31edaca5cd8fdb45_640x480.jpg
https://mashina.kg/details/mercedesbenz-eklass-amg-6a00325dc0d57859627403,"Mercedes-Benz E-Класс AMG III (W211, S211) Рестайлинг",18600,1626570,2008,230000,5.4 л.,автомат,Токмок,https://im.mashina.kg/tachka/images/f/d/f/fdfa065a5caf9833b5021a993a78cba4_640x480.jpg
https://mashina.kg/details/kia-carnival-69fae5c31669c169844761,Kia Carnival IV Рестайлинг,33300,2912085,2024,99000,1.6 л.,автомат,Бишкек,https://im.mashina.kg/tachka/images/e/7/5/e759267e70f0bb2d962b60fec2880852_640x480.jpg
https://mashina.kg/details/hyundai-sonata-69dbf5874619e008208276,Hyundai Sonata VIII (DN8),14000,1224300,2019,149000,2.0 л.,автомат,Бишкек,https://im.mashina.kg/tachka/images/2/1/2/212bc42c805873c426e5ff78ab6f55f1_640x480.jpg
https://mashina.kg/details/kia-k5-6a001228412e6125734882,Kia K5 II,11300,988185,2020,350000,2.0 л.,автомат,Бишкек,https://im.mashina.kg/tachka/images/b/e/3/be351bf84b8b6e5179584ab90f653238_640x480.jpg
https://mashina.kg/details/mercedesbenz-gklass-amg-69e8c3fcdb47d831854805,Mercedes-Benz G-Класс AMG II (W463),138000,12068100,2020,20407,4.0 л.,автомат,Бишкек,https://im.mashina.kg/tachka/images/7/f/a/7fa6c10e83979b8a1600df6e5771ef52_640x480.jpg
https://mashina.kg/details/kia-sportage-69fca53d3cafa936997599,Kia Sportage IV Рестайлинг,18990,1660676,2020,133000,2.0 л.,автомат,Бишкек,https://im.mashina.kg/tachka/images/5/e/8/5e860963db3a10800ebad459141cf659_640x480.jpg
https://mashina.kg/details/kia-stinger-69fcf8375e6de211664954,Kia Stinger I,19500,1705275,2021,69210,3.3 л.,автомат,Бишкек,https://im.mashina.kg/tachka/images/8/9/f/89f9154e3156350b32da6a044e54e9a1_640x480.jpg
https://mashina.kg/details/honda-mnv-69a8f8b640e22629384210,Honda M-NV I,12500,1093125,2021,80633,,,Бишкек,https://im.mashina.kg/tachka/images/3/3/e/33e1c8ce4df49268806a4cf7fe7ae14d_640x480.jpg
https://mashina.kg/details/toyota-camry-69f0d41e0a096508935374,Toyota Camry VII (XV50),10000,874500,2012,290000,2.5 л.,автомат,Бишкек,https://im.mashina.kg/tachka/images/8/9/2/89274771d90ead915759c15d8a5e5e84_640x480.jpg
https://mashina.kg/details/weltmeister-w6-69a81b7980169004723838,Weltmeister W6,12500,1093125,2021,45735,,,Бишкек,https://im.mashina.kg/tachka/images/5/e/5/5e574bf21947c9b1b2132989d32dc906_640x480.jpg
https://mashina.kg/details/toyota-rav4-69cde79f489ff710057814,Toyota RAV4 V (XA50),20900,1827705,2019,200000,2.5 л.,автомат,Бишкек,https://im.mashina.kg/tachka/images/6/2/6/6263a9d385fe4bb07a82bde81fd4239f_640x480.jpg
https://mashina.kg/details/kia-sportage-69ebb46c5137f023734708,Kia Sportage IV,11500,1005675,2016,165165,2.0 л.,автомат,Бишкек,https://im.mashina.kg/tachka/images/b/1/5/b15f57794a9f294bc4ee52c6418157f3_640x480.jpg
https://mashina.kg/details/hyundai-santa-fe-69fdcce63db91655300800,Hyundai Santa Fe IV,18000,1574100,2019,139000,2.2 л.,автомат,Бишкек,https://im.mashina.kg/tachka/images/7/4/d/74d58498e1277f6dfb533aa8a94d61b6_640x480.jpg
https://mashina.kg/details/kia-sportage-6a0813108ba8dcda0ab94706,Продажа Kia Sportage IV Рестайлинг 2019,14500,1268025,2019,141000,2.0 л.,автомат,Бишкек,https://storage.mashina.kg/catalog/images/2026-05-16/10034627/5efa860dd7620e469bcf4492c43e6518_medium.webp
https://mashina.kg/details/jeep-grand-cherokee-6a098eb89ddafc9e3bfdf201,Продажа Jeep Grand Cherokee V (WL) 2021,25800,2256210,2021,114000,3.6 л.,автомат,Бишкек,https://storage.mashina.kg/catalog/images/2026-05-17/10035815/c323550c3707901c269123b949ffe325_medium.webp
https://mashina.kg/details/hyundai-sonata-69e71ccf9d561486234116,Hyundai Sonata VII (LF) Рестайлинг,10700,935715,2019,255000,2.0 л.,автомат,Ош,https://im.mashina.kg/tachka/images/e/f/e/efe3b62d9ca2fddb65313c06bff89774_640x480.jpg
https://mashina.kg/details/mazda-cx-5-6a073d08f56c97fa4e798941,Продажа Mazda CX-5 II 2017,16600,1451670,2017,214000,2.5 л.,автомат,Бишкек,https://storage.mashina.kg/catalog/images/2026-05-15/10034241/6a535fbad91b5336842ab8eb582909ce_medium.webp
https://mashina.kg/details/bmw-m5-6a09727081383d2a986eaa68,Продажа BMW M5 V (F10) 2013,34000,2973300,2013,143000,4.4 л.,робот,Бишкек,https://storage.mashina.kg/catalog/images/2026-05-17/10035647/836e312bc29b56ae4504ca355c8f59ea_medium.webp
https://mashina.kg/details/toyota-hilux-6a01d4c8271a1949681391,Toyota Hilux VIII Рестайлинг,44000,3847800,2022,69000,4.0 л.,автомат,Бишкек,https://im.mashina.kg/tachka/images/f/5/f/f5f604a4d489276a42e0c83c68a3e398_640x480.jpg
https://mashina.kg/details/toyota-4runner-6948355e2809d944420592,Toyota 4Runner V Рестайлинг,45300,3961485,2023,33500,4.0 л.,автомат,Бишкек,https://im.mashina.kg/tachka/images/b/b/6/bb634fe3e068d6e00ef02b9bf861339c_640x480.jpg
https://mashina.kg/details/kia-k5-6a00dad7a201c833943430,Kia K5 II,9300,813285,2019,319000,2.0 л.,автомат,Бишкек,https://storage.mashina.kg/catalog/images/2026-05-15/4562446/a26622c670355c88ee93277f473b7266_medium.webp
https://mashina.kg/details/lexus-gx-6a06e6c30b9a3c57c3f26292,Продажа Lexus GX I 2008,28500,2492325,2008,212000,4.7 л.,автомат,Ош,https://storage.mashina.kg/catalog/images/2026-05-15/10033810/9b1df013ef3d27c28937de3f74d4109e_medium.webp
https://mashina.kg/details/subaru-ascent-6a05deaf982050441a0bd152,Продажа Subaru Ascent I 2018,19500,1705275,2018,130000,2.4 л.,вариатор,Бишкек,https://storage.mashina.kg/catalog/images/2026-05-14/10032895/0db3a6e575845ec61b5870e4ed188f6e_medium.webp
https://mashina.kg/details/honda-stream-69fb725f0cdf9282775022,Honda Stream I Рестайлинг,5946,520000,2004,300000,1.7 л.,автомат,Бишкек,https://im.mashina.kg/tachka/images/3/a/8/3a8fe68c75691423949f67efe31f1077_640x480.jpg
https://mashina.kg/details/land-rover-range-rover-6a01f18aaa5d5857686571,Land Rover Range Rover V,128000,11193600,2022,120000,4.4 л.,автомат,Бишкек,https://im.mashina.kg/tachka/images/a/c/8/ac83299e3565a4ec0cd9b29647bae0a7_640x480.jpg
https://mashina.kg/details/kia-morning-6a01c32e097bc480878228,Kia Morning III,7700,673365,2018,106579,1.0 л.,автомат,с. Булан-Соготту,https://im.mashina.kg/tachka/images/6/8/b/68b98fefdb1b11b878f70516e5e4d1f8_640x480.jpg
https://mashina.kg/details/bmw-x5-6a01693e77eb6923617773,BMW X5 IV (G05/G18),35000,3060750,2019,50000,3.0 л.,автомат,Бишкек,https://im.mashina.kg/tachka/images/1/6/7/1670bc8341a3dc34bf8318816134ffe3_640x480.jpg
https://mashina.kg/details/bmw-x5-69e4a569a3140757846041,BMW X5 IV (G05/G18),36500,3191925,2019,129000,3.0 л.,автомат,Бишкек,https://im.mashina.kg/tachka/images/7/f/d/7fd1faf0ec8caeb847e2d657662da13e_640x480.jpg
https://mashina.kg/details/bmw-1-serii-693a3226174b4212481152,BMW 1 серии III (F52) Рестайлинг,22600,1976370,2021,23000,1.5 л.,робот,Китай,https://im.mashina.kg/tachka/images/9/1/2/912f4b7f8a3058c7526dabafc54106a4_640x480.jpg
https://mashina.kg/details/toyota-camry-69f75edca2e20518657316,Toyota Camry VIII (XV70) Рестайлинг,20800,1818960,2020,78000,2.5 л.,автомат,Бишкек,https://im.mashina.kg/tachka/images/4/b/b/4bba550b7143f58bcaaeb7b0eb3e9284_640x480.jpg
https://mashina.kg/details/kia-sportage-69f2d5d172802950327792,Kia Sportage V,21500,1880175,2022,110000,2.0 л.,автомат,Бишкек,https://im.mashina.kg/tachka/images/d/f/5/df56cf94709bef9d3248cecd9e294e83_640x480.jpg
https://mashina.kg/details/mercedesbenz-sklass-68e26b7c2c51d646469737,Mercedes-Benz S-Класс V (W221) Рестайлинг,22000,1923900,2011,110000,4.7 л.,автомат,Бишкек,https://im.mashina.kg/tachka/images/7/6/e/76eb573eec7d8fec4928b7302329f9d9_640x480.jpg
https://mashina.kg/details/toyota-rav4-6664365dc59a3297842515,Toyota RAV4 IV (XA40) Рестайлинг,23500,2055075,2018,81000,2.5 л.,вариатор,Бишкек,https://im.mashina.kg/tachka/images/2/5/c/25c766f37da9b4aaad3f3125acac8522_640x480.jpg
https://mashina.kg/details/toyota-sequoia-69a1ad688db7b984475761,Toyota Sequoia III,78000,6821100,2022,128000,3.4 л.,автомат,Бишкек,https://im.mashina.kg/tachka/images/9/8/c/98cfb058ce27b5e3cc8250ffdc412b6f_640x480.jpg
https://mashina.kg/details/kia-carnival-6a074a1c6fb919af34074c5b,Продажа Kia Carnival III 2016,14800,1294260,2016,203000,2.2 л.,автомат,Бишкек,https://storage.mashina.kg/catalog/images/2026-05-15/10034281/e613342d6e94bcb26fa3924f3fa6bd8f_medium.webp
https://mashina.kg/details/toyota-highlander-69be7de3c589e177981049,Toyota Highlander III (U50) Рестайлинг,31500,2754675,2019,100000,3.5 л.,автомат,Бишкек,https://im.mashina.kg/tachka/images/b/6/e/b6e59d428b01f615d340f2ec624e8754_640x480.jpg
https://mashina.kg/details/hyundai-sonata-6a0790be4573350708370fcf,Продажа Hyundai Sonata VIII (DN8) 2019,12500,1093125,2019,170000,2.0 л.,автомат,Бишкек,https://storage.mashina.kg/catalog/images/2026-05-15/10034394/bc0d9830d7045120c93471b751eb8058_medium.webp
https://mashina.kg/details/hyundai-sonata-6a07845c97e1f4f052029dbd,Продажа Hyundai Sonata VII (LF) Рестайлинг 2018,10400,909480,2018,250000,2.0 л.,автомат,Бишкек,https://storage.mashina.kg/catalog/images/2026-05-15/10034388/c2c57dce21760ecce5fe41704bd6f84d_medium.webp
https://mashina.kg/details/hyundai-sonata-6a0780c08871985aa54c8e50,Продажа Hyundai Sonata VIII (DN8) 2019,12700,1110615,2019,160000,2.0 л.,автомат,Бишкек,https://storage.mashina.kg/catalog/images/2026-05-15/10034386/ad5173f9253a6352d58a73a0c70f4a0a_medium.webp
https://mashina.kg/details/hyundai-sonata-6a077c77365b77fcb47c2951,Продажа Hyundai Sonata VII (LF) Рестайлинг 2020,10600,926970,2020,290000,2.0 л.,автомат,Бишкек,https://storage.mashina.kg/catalog/images/2026-05-15/10034381/b14df4606549b6d1a3c21dae8493c3dc_medium.webp
https://mashina.kg/details/hyundai-sonata-69a2ae6f28e13335941768,Hyundai Sonata VII (LF) Рестайлинг,11600,1014420,2019,260000,2.0 л.,автомат,Бишкек,https://im.mashina.kg/tachka/images/4/2/2/42273bc2b1d4db430cc8e61b9ed27901_640x480.jpg
https://mashina.kg/details/kia-stonic-69d336756b07d401089069,Kia Stonic,11200,979440,2019,128000,1.6 л.,автомат,Бишкек,https://im.mashina.kg/tachka/images/d/e/e/deee96c4389dbdfbe6db0252284c6bc0_640x480.jpg
https://mashina.kg/details/hyundai-sonata-69fb97228bde3302540811,Hyundai Sonata VII (LF) Рестайлинг,11800,1031910,2020,157000,2.0 л.,автомат,Бишкек,https://im.mashina.kg/tachka/images/0/f/3/0f301b5ebd565ab1aad18c341b83d35b_640x480.jpg
https://mashina.kg/details/hyundai-sonata-69cbb09cb5626293922513,Hyundai Sonata VII (LF) Рестайлинг,10500,918225,2018,280000,2.0 л.,автомат,Бишкек,https://im.mashina.kg/tachka/images/e/e/7/ee7b787e2819edc1f5c0f872cf3f6435_640x480.jpg
https://mashina.kg/details/subaru-crosstrek-69b0f66a8759f847319518,Subaru Crosstrek II,15900,1390455,2019,100000,2.0 л.,вариатор,Ош,https://im.mashina.kg/tachka/images/7/1/d/71dc1e765dbd2a1464cc5e29f729d3e5_640x480.jpg
https://mashina.kg/details/volkswagen-golf-6a0996da4d4852bd5d00dec6,Продажа Volkswagen Golf IV 2002,4803,420000,2002,300000,1.6 л.,механика,Сокулук,https://storage.mashina.kg/catalog/images/2026-05-17/10035868/290d6f19eb2687877feb9af768b305f6_medium.webp
https://mashina.kg/details/toyota-highlander-6a083b66faae2ab7b4015b71,Продажа Toyota Highlander IV (U70) 2020,36000,3148200,2020,123000,3.5 л.,автомат,Бишкек,https://storage.mashina.kg/catalog/images/2026-05-16/10034835/086e0df6c4d0d55e7790f19cb0a90b36_medium.webp
https://mashina.kg/details/honda-stepwgn-69fc18940cf03719811914,Honda Stepwgn I Рестайлинг,6850,599032,2000,432000,2.0 л.,автомат,Бишкек,https://im.mashina.kg/tachka/images/a/a/a/aaa0db17692d2ebb815951a31fb32a0b_640x480.jpg
https://mashina.kg/details/bmw-x5-69ae83d8ab824224424769,BMW X5 IV (G05/G18),32000,2798400,2018,191455,3.0 л.,автомат,Бишкек,https://im.mashina.kg/tachka/images/6/a/7/6a7d65a3519cde34157ff6b537355662_640x480.jpg
https://mashina.kg/details/bmw-x1-6886e5f727c20046348810,BMW X1 III (U11/U12),44500,3891525,2025,30,2.0 л.,робот,Китай,https://im.mashina.kg/tachka/images/1/0/2/102e1d454971990d638547b605f4a7be_640x480.jpg
https://mashina.kg/details/volkswagen-golf-6a0994c48166ffc8f27ace59,Продажа Volkswagen Golf VII 2013,6843,598400,2013,200000,1.2 л.,механика,Бишкек,https://storage.mashina.kg/catalog/images/2026-05-17/10035855/c56afad43bf9787f1381c4440a94f2d4_medium.webp
https://mashina.kg/details/toyota-rav4-69491eea53b24563193882,Toyota RAV4 V (XA50),28000,2448600,2026,30,2.0 л.,вариатор,Китай,https://im.mashina.kg/tachka/images/e/b/d/ebd94ac66b1f460cc6a6250019fa2786_640x480.jpg
https://mashina.kg/details/geely-binyue-6878d7ada2950421671944,Geely Binyue I Рестайлинг 2,12500,1093125,2026,5,1.5 л.,робот,Китай,https://im.mashina.kg/tachka/images/8/5/8/858ffef856a96e47238dc475391050b0_640x480.jpg
https://mashina.kg/details/gac-trumpchi-gs3-6879a21e8e529873363761,GAC Trumpchi GS3 II,9100,795795,2025,5,1.5 л.,робот,Китай,https://im.mashina.kg/tachka/images/e/f/1/ef1b86b7561be26095bfef78a12a5c5d_640x480.jpg
https://mashina.kg/details/kia-k5-69cf5a68afe2f148767951,Kia K5 III,14800,1294260,2020,139000,2.0 л.,автомат,Бишкек,https://im.mashina.kg/tachka/images/1/e/2/1e2c3641f1d97657a91223ce1c1444db_640x480.jpg
https://mashina.kg/details/aito-m9-689d5f449f684422040617,Aito M9,120000,10494000,2025,30,,,Китай,/static/svg/empty.svg
https://mashina.kg/details/toyota-highlander-6a06afc5976359d17ed75d07,Продажа Toyota Highlander IV (U70) 2026,46000,4022700,2026,50,2.0 л.,автомат,Бишкек,https://storage.mashina.kg/catalog/images/2026-05-15/10033486/a91de9a7f0ce644dfb1fe1de2da9d623_medium.webp
https://mashina.kg/details/lixiang-l7-688627fb3346b812945757,LiXiang L7 Рестайлинг,47800,4180110,2026,30,1.5 л.,автомат,Китай,https://im.mashina.kg/tachka/images/0/8/6/0863243432f299ddb8089f35ec1479a3_640x480.jpg
https://mashina.kg/details/rox-stone-01-69806fb72c2a4404470706,Rox Stone 01,47500,4153875,2026,30,1.5 л.,автомат,Бишкек,https://im.mashina.kg/tachka/images/1/6/f/16f3012f39c969c299c57ebaba05ecfe_640x480.jpg
https://mashina.kg/details/gac-trumpchi-s7-687a2532127c3518734366,GAC Trumpchi S7,29800,2606010,2026,5,1.5 л.,автомат,Китай,https://im.mashina.kg/tachka/images/4/3/b/43beeb84a87c420e12386288463eea66_640x480.jpg
https://mashina.kg/details/volkswagen-tharu-687dc188c3400184038207,Volkswagen Tharu I Рестайлинг,14600,1276770,2026,10,1.5 л.,робот,Китай,https://im.mashina.kg/tachka/images/0/9/e/09e2ae20e71ad570d80e6d8fc6ed8260_640x480.jpg
https://mashina.kg/details/kia-seltos-686f53f8b1273682769318,Kia Seltos I Рестайлинг,15900,1390455,2026,5,1.5 л.,вариатор,Китай,https://im.mashina.kg/tachka/images/0/9/2/0921f18f58b3d8db500b0a46feee7019_640x480.jpg
https://mashina.kg/details/porsche-macan-69e716c05d8b3401158714,Porsche Macan I Рестайлинг 2,85000,7433250,2025,6000,2.0 л.,робот,Китай,https://im.mashina.kg/tachka/images/3/0/3/30304a3464c7890ee462d2ff6e31195a_640x480.jpg
https://mashina.kg/details/voyah-taishan-698343cd2d434786370949,Voyah Taishan,64800,5666760,2026,30,1.5 л.,автомат,Китай,https://im.mashina.kg/tachka/images/e/d/3/ed370390a14fc307fbc45e914bfc5fd3_640x480.jpg
https://mashina.kg/details/gac-aion-hyper-gt-689c2b712e40e853036525,GAC Aion Hyper GT,36200,3165690,2025,10,,,Китай,https://im.mashina.kg/tachka/images/6/c/3/6c3c1cef103a68e2a77dd117b489899d_640x480.jpg
https://mashina.kg/details/zeekr-7x-6982f5d4c83dd405683700,Zeekr 7X,43500,3804075,2026,30,,,Китай,https://im.mashina.kg/tachka/images/4/e/a/4ea1bfe45d78da4b72b2a751d2b098e6_640x480.jpg
https://mashina.kg/details/toyota-rav4-687076ed1e89a395987569,Toyota RAV4 V (XA50),24500,2142525,2026,5,2.0 л.,вариатор,Китай,https://im.mashina.kg/tachka/images/a/9/c/a9c84376576ba190fefe3cbbb46549d5_640x480.jpg
https://mashina.kg/details/mercedes-benz-e-klass-689bfd944b4dd946298572,"Mercedes-Benz E-Класс VI (W214, S214)",73000,6383850,2025,5,2.0 л.,автомат,Китай,https://im.mashina.kg/tachka/images/e/b/0/eb0c3101339156352d7d8f720cdcf04e_640x480.jpg
https://mashina.kg/details/denza-n9-688133320cc54565665231,Denza N9,58000,5072100,2026,10,2.0 л.,вариатор,Китай,https://im.mashina.kg/tachka/images/4/8/c/48cc54b4bbf6445980dac2ec964d0308_640x480.jpg
https://mashina.kg/details/bmw-x3-6885b8303f8ec540507270,BMW X3 IV (G45/G48),72000,6296400,2026,10,2.0 л.,автомат,Китай,https://im.mashina.kg/tachka/images/b/7/0/b703a56c99a2e5a0776ab861739a23eb_640x480.jpg
https://mashina.kg/details/bmw-i5-689435d32e9cd799549227,BMW i5,55000,4809750,2025,10,,,Китай,https://im.mashina.kg/tachka/images/d/e/e/dee3e9cf0dfb4a55840e662c31275b78_640x480.jpg
https://mashina.kg/details/zeekr-009-6981ef76a5d70513682433,Zeekr 009 I Рестайлинг,74500,6515025,2026,30,,,Китай,https://im.mashina.kg/tachka/images/9/f/b/9fba1ece58c51bbf0485c8705de78c6d_640x480.jpg
https://mashina.kg/details/toyota-wish-69dbaabacf832557240287,Toyota Wish I,5706,499000,2003,299000,2.0 л.,вариатор,Манас (Джалал-Абад),https://im.mashina.kg/tachka/images/d/7/b/d7b5241ed69a34d3ea5c162fff71ffb7_640x480.jpg
https://mashina.kg/details/zeekr-9x-691eecb10faea483419404,Zeekr 9X,84000,7345800,2026,30,2.0 л.,автомат,Китай,https://im.mashina.kg/tachka/images/4/1/d/41d72154c73cf961e149dccb4cf70034_640x480.jpg
https://mashina.kg/details/audi-a8-688c3eeddd939874419118,Audi A8 IV (D5) Рестайлинг,105000,9182250,2025,10,3.0 л.,автомат,Китай,https://im.mashina.kg/tachka/images/d/4/f/d4ff75960994485d410b216df56d1749_640x480.jpg
https://mashina.kg/details/porsche-cayenne-689522fcf0aec138487005,Porsche Cayenne III Рестайлинг,135000,11805750,2025,30,3.0 л.,автомат,Китай,https://im.mashina.kg/tachka/images/a/3/2/a3261943b521b7c0844371b9f9df5635_640x480.jpg
https://mashina.kg/details/lynk--co-900-6882ee33a823f037315235,Lynk & Co 900,52500,4591125,2026,10,2.0 л.,автомат,Китай,https://im.mashina.kg/tachka/images/4/f/d/4fda02e913a636ef94e5c3fdabab0efc_640x480.jpg
https://mashina.kg/details/zeekr-001-6982e48832840570575567,Zeekr 001 I Рестайлинг,48400,4232580,2026,50,,,Китай,https://im.mashina.kg/tachka/images/c/e/b/ceb1a992e301ce5fe88fff2029273ec0_640x480.jpg
https://mashina.kg/details/zeekr-9x-691ee9650408f217002665,Zeekr 9X,72000,6296400,2026,10,2.0 л.,автомат,Китай,https://im.mashina.kg/tachka/images/e/6/c/e6ce5e98580d32cec528c32846eadbc7_640x480.jpg
https://mashina.kg/details/porsche-macan-68958f491b91e423576483,Porsche Macan I Рестайлинг 2,90200,7887990,2025,5,2.0 л.,робот,Китай,https://im.mashina.kg/tachka/images/9/b/c/9bc15bfec7b05801553e163f14a9d279_640x480.jpg
https://mashina.kg/details/mazda-premacy-6983a1cd978c4157584287,Mazda Premacy I (CP),4500,393525,2003,297000,1.8 л.,механика,Бишкек,https://im.mashina.kg/tachka/images/9/a/6/9a6a7d065eb1483dd87083eb1ac90446_640x480.jpg
https://mashina.kg/details/kia-morning-69d3c33eae825295720175,Kia Morning III,7500,655875,2017,54000,1.0 л.,автомат,Бишкек,https://im.mashina.kg/tachka/images/d/c/c/dcce6cd94baacf40e414ee297d4cfd53_640x480.jpg
https://mashina.kg/details/bmw-x7-69f9ff43cdd84134308434,BMW X7 I (G07) Рестайлинг,98500,8613825,2023,9000,3.0 л.,автомат,Бишкек,https://im.mashina.kg/tachka/images/1/c/8/1c8c02bcf0e2f304fc123210a8f2136b_640x480.jpg
https://mashina.kg/details/bmw-x7-69f0530345609450876001,BMW X7 I (G07),55000,4809750,2019,108000,3.0 л.,автомат,Бишкек,https://im.mashina.kg/tachka/images/8/5/8/858339c18183390c55771e0401b51b89_640x480.jpg
https://mashina.kg/details/toyota-land-cruiser-prado-69f080683b7e6470908647,Toyota Land Cruiser Prado 250 Series,75000,6558750,2024,49700,2.4 л.,автомат,Бишкек,https://im.mashina.kg/tachka/images/9/6/8/968f76787efab19fdfe8f9ef101cf436_640x480.jpg
https://mashina.kg/details/kia-morning-69be48fb42cd6360093295,Kia Morning III,7800,682110,2020,72000,1.0 л.,автомат,Бишкек,https://im.mashina.kg/tachka/images/8/9/c/89c424a2cf11eb3d1a1897c29622d23f_640x480.jpg
https://mashina.kg/details/hyundai-palisade-69ea375dbf27c793851400,Hyundai Palisade I,25000,2186250,2021,127000,2.2 л.,автомат,Бишкек,https://im.mashina.kg/tachka/images/e/a/6/ea69e1825ac2743e008e906c6ce570f2_640x480.jpg
https://mashina.kg/details/zeekr-001-69f1aca3d366f344260077,Zeekr 001 I Рестайлинг,44500,3891525,2025,30,,,Бишкек,https://im.mashina.kg/tachka/images/b/7/8/b78fd653f564419da05bfb79501f722f_640x480.jpg
https://mashina.kg/details/kia-k5-69f96e53c75b8252026298,Kia K5 II,14300,1250535,2019,106000,2.0 л.,автомат,Бишкек,https://im.mashina.kg/tachka/images/7/2/7/727c3973f3b7ef319d03d57d6ea4cc93_640x480.jpg
https://mashina.kg/details/kia-niro-69ef0eb3dd68f061029766,Kia Niro I Рестайлинг,14200,1241790,2021,140000,1.6 л.,робот,Ош,https://im.mashina.kg/tachka/images/c/6/3/c630ebfcbfdb302d83a0f4e6afe9db24_640x480.jpg
https://mashina.kg/details/kia-seltos-6a05de80b7af1d2a52fcbbf3,Продажа Kia Seltos I 2020,11400,996930,2020,215000,1.6 л.,робот,Бишкек,/static/svg/empty.svg
https://mashina.kg/details/lexus-gx-69f9a4348ef83748800664,Lexus GX II Рестайлинг 2,47000,4110150,2022,102000,4.6 л.,автомат,Бишкек,https://im.mashina.kg/tachka/images/5/2/c/52c0a08c1cf3bae662af00d389c98017_640x480.jpg
https://mashina.kg/details/subaru-forester-6a0868595437bf6edc5c2c2a,Продажа Subaru Forester V 2020,15900,1390455,2020,100000,2.5 л.,вариатор,Бишкек,https://storage.mashina.kg/catalog/images/2026-05-16/10035016/13bbe2c479380162d3f17bda04e089b0_medium.webp
https://mashina.kg/details/bmw-x3-6879a9eaeffe2838827838,BMW X3 IV (G45/G48),62000,5421900,2026,50,2.0 л.,автомат,Китай,https://im.mashina.kg/tachka/images/f/2/2/f22cda963198c709f7452f657d765d4c_640x480.jpg
https://mashina.kg/details/chevrolet-trailblazer-69f9a7cfb5b33425845432,Chevrolet TrailBlazer III,11500,1005675,2022,68000,1.3 л.,вариатор,Бишкек,https://im.mashina.kg/tachka/images/e/7/c/e7c9065269cc3e36e64487a9c24ce30e_640x480.jpg
https://mashina.kg/details/lexus-lx-69ef28d7024d7732720684,Lexus LX IV,104000,9094800,2023,280,3.4 л.,автомат,Бишкек,https://im.mashina.kg/tachka/images/5/8/8/58888e49569d7ffe4453ca5fa6c81e24_640x480.jpg
https://mashina.kg/details/lexus-rx-69d3b60f34807339663737,Lexus RX IV,23999,2098713,2017,117000,3.5 л.,автомат,Бишкек,https://im.mashina.kg/tachka/images/a/1/6/a165e0b962185094ab6870c282decb5f_640x480.jpg
https://mashina.kg/details/toyota-rav4-69f1c3a79443f235017111,Toyota RAV4 V (XA50),35000,3060750,2023,39500,2.5 л.,вариатор,Бишкек,https://im.mashina.kg/tachka/images/2/0/3/203d4f167b0bde03e9745be6b8e5ac31_640x480.jpg
https://mashina.kg/details/bmw-x5-69fc6656f0a32666869293,BMW X5 IV (G05/G18),33900,2964555,2020,165762,3.0 л.,автомат,Бишкек,https://im.mashina.kg/tachka/images/b/0/c/b0cc7117069d38682844b7106b74a4c7_640x480.jpg
https://mashina.kg/details/vaz-lada-priora-692b18581dc19316985173,ВАЗ (Lada) Priora I Рестайлинг,6500,568425,2016,215000,1.6 л.,механика,Бишкек,https://im.mashina.kg/tachka/images/6/b/1/6b17841d794cf32fd61c675440debf7f_640x480.jpg
https://mashina.kg/details/denza-n8-697ca493b46a7960188583,Denza N8,46500,4066425,2025,50,1.5 л.,автомат,Китай,https://im.mashina.kg/tachka/images/c/d/8/cd85a29ae1fe847e7a77a139dbb4380a_640x480.jpg
https://mashina.kg/details/kia-carnival-69d657fbdcb3c932685270,Kia Carnival IV Рестайлинг,37900,3314355,2025,14500,2.2 л.,автомат,Бишкек,https://im.mashina.kg/tachka/images/2/a/a/2aaf7a8cc3825d3a71df2403ff77604e_640x480.jpg
https://mashina.kg/details/tank-300-69f1a74e0b052481999455,Tank 300 I Рестайлинг,25000,2186250,2026,30,2.0 л.,автомат,Бишкек,https://im.mashina.kg/tachka/images/7/c/c/7cc83272a6e6632d3e953a393940b4e9_640x480.jpg
https://mashina.kg/details/xiaomi-su7-690ad647e16b9724939929,Xiaomi SU7,48000,4197600,2026,5,,,Китай,https://im.mashina.kg/tachka/images/0/e/6/0e6dc7f57228331264949250a4009db7_640x480.jpg
https://mashina.kg/details/kia-k5-69c52621e5745957139876,Kia K5 III,20300,1775235,2020,50000,2.0 л.,автомат,Бишкек,https://im.mashina.kg/tachka/images/0/5/f/05f63e624ffb2e62cc38d7bf6086efd8_640x480.jpg
https://mashina.kg/details/ssangyong-rexton-sports-6a0675c3c9dcd51783d5da58,Продажа SsangYong Rexton Sports I 2019,16500,1442925,2019,143000,2.2 л.,автомат,Бишкек,https://storage.mashina.kg/catalog/images/2026-05-15/10033320/144e76a0272b3796271e9c44c0d8b18c_medium.webp
https://mashina.kg/details/changan-x5-plus-6a056e2ed3d7ccbd3458b0c8,Продажа Changan X5 Plus 2025,11600,1014420,2025,11000,1.5 л.,робот,Манас (Джалал-Абад),https://storage.mashina.kg/catalog/images/2026-05-14/10032383/9c6c2c5985c7ff136177f3469c0a4a14_medium.webp
https://mashina.kg/details/hyundai-palisade-6a0042ba181ec372544441,Hyundai Palisade I,18600,1626570,2020,60500,2.2 л.,автомат,Бишкек,https://im.mashina.kg/tachka/images/0/5/a/05ae4eb6660314563e427bfb2235b37a_640x480.jpg
https://mashina.kg/details/toyota-corolla-6a01f933e3827665306282,Toyota Corolla XII (E210),11900,1040655,2021,75000,1.8 л.,вариатор,Бишкек,https://im.mashina.kg/tachka/images/7/d/c/7dce01459f25a4ea219d1ac1140df236_640x480.jpg
https://mashina.kg/details/hyundai-grandeur-6a0433cca35822dc78792a48,Продажа Hyundai Grandeur VI 2018,11100,970695,2018,341000,3.0 л.,автомат,Ноокат,https://storage.mashina.kg/catalog/images/2026-05-17/10031098/30cd6c18be25f89dfe1ecfafb359db9a_medium.webp
https://mashina.kg/details/toyota-highlander-6a07487f08007ab9b0862f1e,Продажа Toyota Highlander II (U40) Рестайлинг 2011,15600,1364220,2011,285000,3.5 л.,автомат,Кызыл-Кия,https://storage.mashina.kg/catalog/images/2026-05-15/10034275/895439486e83004d524a76aab5d947a0_medium.webp
https://mashina.kg/details/lexus-lx-6a0735696b6d382107c822c2,Продажа Lexus LX III Рестайлинг 2012,41700,3646665,2012,28300,5.7 л.,автомат,Кызыл-Кия,https://storage.mashina.kg/catalog/images/2026-05-15/10034198/d823500df42214504617b66b72198659_medium.webp
https://mashina.kg/details/subaru-outback-6a05a04d97031e175d70d828,Продажа Subaru Outback VI Рестайлинг 2023,18600,1626570,2023,50000,2.5 л.,вариатор,Бишкек,/static/svg/empty.svg
https://mashina.kg/details/bmw-x7-69ff3a4ec7a91413758066,BMW X7 I (G07) Рестайлинг,110000,9619500,2024,20700,3.0 л.,автомат,Кант,https://im.mashina.kg/tachka/images/3/d/5/3d57a698ab6de4f641e26d6b40de9354_640x480.jpg
https://mashina.kg/details/bmw-x5-69fc7533450c0052606993,BMW X5 IV (G05/G18),54500,4766025,2019,85000,3.0 л.,автомат,Бишкек,https://im.mashina.kg/tachka/images/8/9/b/89bba133c415da346e58d2eb2456b191_640x480.jpg
https://mashina.kg/details/honda-cr-v-6a06f7ee26e7ea8bfd8837d0,Продажа Honda CR-V II 2004,9900,865755,2004,180000,2.0 л.,автомат,Бишкек,https://storage.mashina.kg/catalog/images/2026-05-15/10033921/3bc780d299e6d7eabb929559da3f784f_medium.webp
https://mashina.kg/details/kia-sorento-6a06fd1e931e64e0dac2b270,Продажа Kia Sorento III Prime Рестайлинг 2019,15500,1355475,2019,108000,2.0 л.,автомат,Бишкек,https://storage.mashina.kg/catalog/images/2026-05-15/10033943/48e427239faa336ee63ed7d499a32c2b_medium.webp
https://mashina.kg/details/hyundai-santa-fe-6a07011f8c23c018bf7d9c2c,Продажа Hyundai Santa Fe IV Рестайлинг 2021,19500,1705275,2021,120000,1.6 л.,автомат,Бишкек,https://storage.mashina.kg/catalog/images/2026-05-15/10033963/8b99f264b846a6c2d22f74c1984b777b_medium.webp
https://mashina.kg/details/daewoo-matiz-69ef8e5016d1f618627402,Daewoo Matiz I Рестайлинг,1715,150000,2004,229695,0.8 л.,механика,Ош,https://im.mashina.kg/tachka/images/d/d/a/dda4ad6a32ed097b09e58a71cac6c6ee_640x480.jpg
https://mashina.kg/details/honda-accord-68f73d894f016983923696,Honda Accord X Рестайлинг,16500,1442925,2021,44417,2.0 л.,вариатор,Бишкек,https://im.mashina.kg/tachka/images/d/8/e/d8ee39063d3bc8c2c4894d4ea542c49e_640x480.jpg
https://mashina.kg/details/toyota-camry-6a01e9038d21f014036891,Toyota Camry VI (XV40) Рестайлинг,9800,857010,2010,281635,2.5 л.,автомат,Бишкек,https://im.mashina.kg/tachka/images/e/9/e/e9e076f2a19fd88b4c6dc552abfda712_640x480.jpg
https://mashina.kg/details/kia-morning-69bfab59aadb2890768685,Kia Morning III,7100,620895,2018,122000,1.0 л.,автомат,Бишкек,https://im.mashina.kg/tachka/images/3/f/7/3f7d3e5bb4a2687bfff24f58cbc1b195_640x480.jpg
https://mashina.kg/details/bmw-x5-69e844d51744c273281384,BMW X5 IV (G05/G18),39900,3489255,2019,195000,3.0 л.,автомат,Бишкек,https://im.mashina.kg/tachka/images/e/b/8/eb8bb2173b947530f4dc743210d7f928_640x480.jpg
https://mashina.kg/details/lexus-es-6a06efbd757618ef61dc4bed,Продажа Lexus ES VI Рестайлинг 2017,23000,2011350,2017,140000,2.5 л.,вариатор,Бишкек,https://storage.mashina.kg/catalog/images/2026-05-15/10033868/5ce5839bdbe0453b86c9d29c9e2924c9_medium.webp
https://mashina.kg/details/lixiang-l6-69f081ea7fb9f807401028,LiXiang L6,42500,3716625,2026,30,1.5 л.,автомат,Бишкек,https://im.mashina.kg/tachka/images/d/3/d/d3dcabcddfebf213e0151f735c277289_640x480.jpg
https://mashina.kg/details/lexus-nx-6944286153b41493782494,Lexus NX II,63000,5509350,2022,9000,2.5 л.,автомат,Бишкек,https://im.mashina.kg/tachka/images/e/6/f/e6f4de96f15c5a6afad4884fe650fb4f_640x480.jpg
https://mashina.kg/details/zeekr-9x-69eefae3a5963349783153,Zeekr 9X,75000,6558750,2026,10,2.0 л.,автомат,Китай,https://im.mashina.kg/tachka/images/f/a/a/faace671b65b43f41ae827eff3e97388_640x480.jpg
https://mashina.kg/details/hyundai-grandeur-69e63b72bad5e572065441,Hyundai Grandeur VII,29950,2619128,2023,108000,1.6 л.,автомат,Бишкек,https://storage.mashina.kg/catalog/images/2026-05-15/4505744/2a304ed3665a8ef8edc1202307fb4dcc_medium.webp
https://mashina.kg/details/hyundai-grandeur-69fd6c737fbde013261311,Hyundai Grandeur VII,23800,2081310,2023,35000,2.5 л.,автомат,Бишкек,https://im.mashina.kg/tachka/images/a/6/1/a6161285dc452536fcb1b34ce5b05a5b_640x480.jpg
https://mashina.kg/details/zeekr-9x-69eef72c931f1438548159,Zeekr 9X,85000,7433250,2026,10,2.0 л.,автомат,Китай,https://im.mashina.kg/tachka/images/2/6/c/26c0cdc4b18f491a7a38fb0b5245a818_640x480.jpg
https://mashina.kg/details/lixiang-l9-68862ecdde9bb325203602,LiXiang L9 Рестайлинг,60000,5247000,2026,10,1.5 л.,автомат,Китай,https://im.mashina.kg/tachka/images/6/5/3/6533ef874c81872a01e9f2b6018bd00f_640x480.jpg
https://mashina.kg/details/bmw-x7-69d4ccaeecb17294672032,BMW X7 I (G07) Рестайлинг,87000,7608150,2023,56000,3.0 л.,автомат,Бишкек,https://im.mashina.kg/tachka/images/a/7/9/a79bc33e5256dbb7ca05523137a30fe7_640x480.jpg
